Surface Card Position,Surface Card Load
0.01459,17.946543
0.045743,17.996927
0.114033,18.284903
0.213063,18.450724
0.342313,18.515778
0.500043,18.586992
0.685588,18.589071
0.897296,18.580235
1.134093,18.561001
1.39616,18.598429
1.681154,18.665924
1.994142,18.739218
2.326442,18.87125
2.694279,19.12396
3.085886,19.288742
3.507547,19.399462
3.950079,19.48781
4.41594,19.560064
4.901147,19.637516
5.406319,19.710226
5.934803,19.820427
6.492563,19.860453
7.07199,19.870975
7.678808,19.906736
8.304249,19.974895
8.948981,20.038769
9.60763,20.092894
10.284525,20.136559
10.979389,20.153193
11.694073,20.17041
12.429721,20.23123
13.184052,20.269695
13.953936,20.290401
14.734439,20.359537
15.535408,20.444267
16.349363,20.524837
17.184517,20.568502
18.025921,20.595531
18.884327,20.703068
19.746494,20.784159
20.618555,20.962454
21.498873,21.222404
22.401171,21.448523
23.30995,21.595631
24.237658,21.769201
25.17453,21.902817
26.118198,22.037943
27.062056,22.183491
28.01232,22.406538
28.963631,22.616543
29.924608,22.854618
30.895496,23.044868
31.877226,23.194574
32.86261,23.372351
33.855713,23.551661
34.848755,23.661861
35.848923,23.765823
36.849464,23.836987
37.858032,23.921196
38.861832,23.986692
39.866776,24.098063
40.86829,24.175514
41.869839,24.24361
42.872517,24.317759
43.877678,24.402487
44.883179,24.558432
45.895336,24.668711
46.897606,24.702444
47.891781,24.791906
48.876911,24.890179
49.850151,25.04344
50.82766,25.249805
51.802422,25.383396
52.776978,25.49486
53.742451,25.572832
54.701576,25.711102
55.645222,25.876753
56.582706,26.097673
57.507217,26.348743
58.428795,26.617023
59.337479,26.79376
60.24081,26.970497
61.130329,27.105009
62.014996,27.205332
62.897507,27.192337
63.776234,26.967838
64.651344,26.667908
65.515572,26.334188
66.363586,26.037895
67.19854,25.699497
68.011635,25.308079
68.813416,24.961939
69.594826,24.650105
70.371696,24.402567
71.130104,24.173462
71.884056,24.007042
72.624062,23.801716
73.368195,23.520498
74.087936,23.174252
74.806068,22.972046
75.472565,22.689787
76.097832,22.455872
76.682579,22.189209
77.253357,21.988041
77.827667,21.950686
78.391396,21.874273
78.946747,21.840487
79.471466,21.771894
79.962593,21.709967
80.436287,21.695528
80.890518,21.592419
81.328651,21.428679
81.743095,21.290928
82.13974,21.144342
82.524612,21.004648
82.893356,20.782167
83.226021,20.614788
83.545929,20.519573
83.83226,20.350115
84.099213,20.319965
84.343964,20.399109
84.566269,20.61795
84.771416,20.924122
84.9496,21.185047
85.107635,21.627928
85.251411,22.007914
85.373886,22.278193
85.480492,22.486118
85.56723,22.651419
85.641151,22.783453
85.682861,22.874371
85.707458,23.06665
85.713661,23.273687
85.714302,23.336535
85.698814,23.183189
85.662819,22.84479
85.601913,22.526615
85.523766,22.360275
85.42038,22.251635
85.305534,22.217375
85.171707,22.112371
85.022667,21.969944
84.849663,21.84885
84.662025,21.779715
84.459999,21.696024
84.241478,21.59823
84.003532,21.478672
83.755188,21.395502
83.493347,21.284285
83.217148,21.10495
82.928047,21.000467
82.610085,20.837811
82.264587,20.68858
81.895805,20.626158
81.517097,20.667765
81.132729,20.752516
80.736473,20.747318
80.327293,20.689098
79.895058,20.592369
79.442139,20.576775
78.968643,20.572617
78.486633,20.561766
77.991432,20.571123
77.489532,20.624664
76.972809,20.616888
76.435112,20.553471
75.875275,20.535797
75.305962,20.55711
74.727165,20.523277
74.13192,20.466099
73.524071,20.438526
72.910805,20.330881
72.280663,20.105284
71.637733,19.913473
70.985886,19.779966
70.321617,19.601151
69.642555,19.37763
68.950279,19.170641
68.245995,19.028734
67.526947,18.841602
66.792145,18.662266
66.045418,18.501644
65.289604,18.291121
64.526794,18.121181
63.756008,18.009422
62.97744,17.913776
62.184879,17.720499
61.368526,17.528168
60.539082,17.461632
59.696644,17.421104
58.846931,17.35548
57.995422,17.271915
57.135082,17.179335
56.266499,17.113319
55.385994,17.005198
54.493294,16.905394
53.588955,16.872644
52.67873,16.845615
51.763367,16.786356
50.838459,16.646526
49.903145,16.52021
48.961773,16.409491
48.015614,16.249891
47.064137,16.118898
46.10878,16.028969
45.155201,15.930692
44.197887,15.776779
43.230621,15.561106
42.254227,15.420284
41.275066,15.299167
40.291985,15.105796
39.307926,14.925421
38.329971,14.71797
37.348961,14.481975
36.365093,14.314595
35.374363,14.236133
34.385212,14.252247
33.388245,14.288114
32.381424,14.377998
31.381718,14.570329
30.381031,14.740307
29.390806,15.000213
28.401588,15.17123
27.414654,15.330812
26.435064,15.489923
25.459414,15.615669
24.493492,15.822522
23.536745,16.014332
22.590227,16.181728
21.651758,16.327795
20.720716,16.457228
19.801044,16.553947
18.884041,16.673504
17.983301,16.85232
17.098511,17.033285
16.236996,17.168957
15.389057,17.30151
14.558981,17.430889
13.741769,17.557203
12.939169,17.633615
12.152218,17.727739
11.382711,17.861332
10.638152,18.001162
9.912258,18.11916
9.202206,18.220003
8.514051,18.365032
7.84337,18.555244
7.198911,18.736139
6.572736,18.917555
5.973933,19.104727
5.398054,19.207069
4.845168,19.271006
4.320076,19.322987
3.827846,19.324526
3.382591,19.350517
2.972723,19.287621
2.583481,19.158707
2.223361,19.081255
1.886396,19.030313
1.583893,18.994007
1.306668,18.874969
1.052023,18.717466
0.823195,18.56204
0.624935,18.455999
0.453126,18.381666
0.305516,18.305271
0.188307,18.233461
0.099003,18.119141
0.039979,18.03031
0.011285,17.946524
0.0,17.915855
